{
  "ssm": {
    "mse": {
      "mean": 0.002718614408470414,
      "std": 3.4769887157872635e-05
    },
    "mae": {
      "mean": 0.0348984949497713,
      "std": 0.00019677349807494118
    },
    "r2": {
      "mean": 0.9975263833999634,
      "std": 3.159456856141828e-05
    },
    "infer_ms": {
      "mean": 16.124605639197398,
      "std": 6.194961954166893
    },
    "params_m": {
      "mean": 0.142364,
      "std": 0.0
    },
    "multi_step_h4": {
      "mean": 0.010914337931770003,
      "std": 0.0002554768452300712
    },
    "multi_step_h8": {
      "mean": 0.02453399475801874,
      "std": 0.0007744843029281994
    },
    "multi_step_h16": {
      "mean": 0.06983636127198459,
      "std": 0.0019107474947241303
    }
  },
  "lstm": {
    "mse": {
      "mean": 0.001061371276909658,
      "std": 2.1277376043650594e-06
    },
    "mae": {
      "mean": 0.019392370465039103,
      "std": 2.5949620260503344e-05
    },
    "r2": {
      "mean": 0.9990363955497742,
      "std": 1.8816951296210902e-06
    },
    "infer_ms": {
      "mean": 8.372556418762542,
      "std": 0.34338389561186533
    },
    "params_m": {
      "mean": 0.288924,
      "std": 0.0
    },
    "multi_step_h4": {
      "mean": 0.002350069621483002,
      "std": 1.1950751528796377e-05
    },
    "multi_step_h8": {
      "mean": 0.003066132340700952,
      "std": 3.3887686699770685e-05
    },
    "multi_step_h16": {
      "mean": 0.012020826996476561,
      "std": 0.00022318609036694654
    }
  }
}